,Rank,Company,Industry,City,State,Zip,Website,Employees,"Revenue
(in millions, USD)","Valuation
(in millions, USD)","Profits
(in millions, USD)","Profits
(% of Sales)",Ticker,CEO
0,1,Walmart,General Merchandisers,Bentonville,Arkansas,72716,www.walmart.com,"2,100,000","$611,289","$397,475","$11,680",1.9,WMT,Douglas McMillon
1,2,Amazon.com,Internet Services and Retailing,Seattle,Washington,98109,www.amazon.com,"1,541,000","$513,983","$1,058,440","-$2,722",-0.5,AMZN,Andrew R. Jassy
2,3,Exxon Mobil,Petroleum Refining,Irving,Texas,75039,www.exxonmobil.com,"62,000","$413,680","$446,424","$55,740",13.5,XOM,Darren W. Woods
3,4,Apple,"Computers, Office Equipment",Cupertino,California,95014,www.apple.com,"164,000","$394,328","$2,609,039","$99,803",25.3,AAPL,Timothy D. Cook
4,5,UnitedHealth Group,Health Care: Insurance and Managed Care,Minnetonka,Minnesota,55343,www.unitedhealthgroup.com,"400,000","$324,162","$440,854","$20,120",6.2,UNH,Andrew P. Witty
5,6,CVS Health,Health Care: Pharmacy and Other Services,Woonsocket,Rhose Island,02895,www.cvshealth.com,"259,500","$322,467","$95,422","$4,149",1.3,CVS,Karen S. Lynch
6,7,Berkshire Hathaway,Insurance: Property and Casualty (Stock),Omaha,Nebraska,68131,www.berkshirehathaway.com,"383,000","$302,089","$675,657","-$22,819",-7.6,BRKA,Warren E. Buffett
7,8,Alphabet,Internet Services and Retailing,Mountain View,California,94043,www.abc.xyz,"190,234","$282,836","$1,330,201","$59,972",21.2,GOOGL,Sundar Pichai
8,9,McKesson,Wholesalers: Health Care,Irving,Texas,75039,www.mckesson.com,"66,500","$263,966","$48,757","$1,114",0.4,MCK,Brian S. Tyler
9,10,Chevron,Petroleum Refining,San Ramon,California,94583,www.chevron.com,"43,846","$246,252","$311,093","$35,465",14.4,CVX,Michael K. Wirth
10,11,AmerisourceBergen,Wholesalers: Health Care,Conshohocken,Pennsylvania,19428,www.amerisourcebergen.com,"41,500","$238,587","$32,384","$1,699",0.7,ABC,Steven H. Collis
11,12,Costco Wholesale,General Merchandisers,Issaquah,Washington,98027,www.costco.com,"304,000","$226,954","$220,354","$5,844",2.6,COST,Craig Jelinek
12,13,Microsoft,Computer Software,Redmond,Washington,98052,www.microsoft.com,"221,000","$198,270","$2,146,049","$72,738",36.7,MSFT,Satya Nadella
13,14,Cardinal Health,Wholesalers: Health Care,Dublin,Ohio,43017,www.cardinalhealth.com,"46,035","$181,364","$19,452",-$933,-0.5,CAH,Jason Hollar
14,15,Cigna Group,Health Care: Pharmacy and Other Services,Bloomfield,Connecticut,06002,www.thecignagroup.com,"70,231","$180,516","$75,901","$6,668",3.7,CI,David M. Cordani
15,16,Marathon Petroleum,Petroleum Refining,Findlay,Ohio,45840,www.marathonpetroleum.com,"17,800","$180,012","$59,544","$14,516",8.1,MPC,Michael J. Hennigan
16,17,Phillips 66,Petroleum Refining,Houston,Texas,77042,www.phillips66.com,"13,000","$175,702","$46,727","$11,024",6.3,PSX,Mark Lashier
17,18,Valero Energy,Petroleum Refining,San Antonio,Texas,78249,www.valero.com,"9,743","$171,189","$51,351","$11,528",6.7,VLO,Joseph W. Gorder
18,19,Ford Motor,Motor Vehicles & Parts,Dearborn,Michigan,48126,www.ford.com,"173,000","$158,057","$50,400","-$1,981",-1.3,F,Jim Farley
19,20,Home Depot,Specialty Retailers: Other,Atlanta,Georgia,30339,www.homedepot.com,"471,600","$157,403","$299,534","$17,105",10.9,HD,Ted Decker
20,21,General Motors,Motor Vehicles & Parts,Detroit,Michigan,48265,www.gm.com,"167,000","$156,735","$51,155","$9,934",6.3,GM,Mary T. Barra
21,22,Elevance Health,Health Care: Insurance and Managed Care,Indianapolis,Indiana,46204,www.elevancehealth.com,"102,300","$156,595","$109,098","$6,025",3.8,ELV,Gail K. Boudreaux
22,23,JPMorgan Chase,Commercial Banks,New York,New York,10179,www.jpmorganchase.com,"293,723","$154,792","$383,549","$37,676",24.3,JPM,Jamie Dimon
23,24,Kroger,Food and Drug Stores,Cincinnati,Ohio,45202,www.thekrogerco.com,"430,000","$148,258","$35,421","$2,244",1.5,KR,Rodney Mcmullen
24,25,Centene,Health Care: Insurance and Managed Care,St. Louis,Montana,63105,www.centene.com,"74,300","$144,547","$34,810","$1,202",0.8,CNC,Sarah M. London
25,26,Verizon Communications,Telecommunications,New York,New York,10036,www.verizon.com,"117,100","$136,835","$163,333","$21,256",15.5,VZ,Hans E. Vestberg
26,27,Walgreens Boots Alliance,Food and Drug Stores,Deerfield,Illinois,60015,www.walgreensbootsalliance.com,"262,500","$132,703","$29,836","$4,337",3.3,WBA,Roz Brewer
27,28,Fannie Mae,Diversified Financials,Washington,District of Columbia,20005,www.fanniemae.com,"8,000","$121,596",$475,"$12,923",10.6,FNMA,Priscilla Almodovar
28,29,Comcast,Telecommunications,Philadelphia,Pennsylvania,19103,www.comcastcorporation.com,"186,000","$121,427","$159,831","$5,370",4.4,CMCSA,Brian L. Roberts
29,30,AT&T,Telecommunications,Dallas,Texas,75202,www.att.com,"160,700","$120,741","$137,250","-$8,524",-7.1,T,John T. Stankey
30,31,Meta Platforms,Internet Services and Retailing,Menlo Park,California,94025,www.fb.com,"86,482","$116,609","$549,484","$23,200",19.9,META,Mark Zuckerberg
31,32,Bank of America,Commercial Banks,Charlotte,North Carolina,28255,www.bankofamerica.com,"216,823","$115,053","$228,780","$27,528",23.9,BAC,
32,33,Target,General Merchandisers,Minneapolis,Minnesota,55403,www.target.com,"440,000","$109,120","$76,250","$2,780",2.5,TGT,Brian C. Cornell
33,34,Dell Technologies,"Computers, Office Equipment",Round Rock,Texas,78682,www.delltechnologies.com,"133,000","$102,301","$29,402","$2,442",2.4,DELL,Michael S. Dell
34,35,Archer Daniels Midland,Food Production,Chicago,Illinois,60601,www.adm.com,"41,181","$101,556","$43,530","$4,340",4.3,ADM,Juan R. Luciano
35,36,Citigroup,Commercial Banks,New York,New York,10013,www.citigroup.com,"238,104","$101,078","$91,270","$14,845",14.7,C,Jane Fraser
36,37,United Parcel Service,"Mail, Package and Freight Delivery",Atlanta,Georgia,30328,www.ups.com,"404,700","$100,338","$166,189","$11,548",11.5,UPS,Carol B. Tome
37,38,Pfizer,Pharmaceuticals,New York,New York,10001,www.pfizer.com,"83,000","$100,330","$230,292","$31,372",31.3,PFE,Albert Bourla
38,39,Lowe's,Specialty Retailers: Other,Mooresville,North Carolina,28117,www.lowes.com,"244,500","$97,059","$119,253","$6,437",6.6,LOW,Marvin R. Ellison
39,40,Johnson & Johnson,Pharmaceuticals,New Brunswick,New Jersey,08933,www.jnj.com,"152,700","$94,943","$483,576","$17,941",18.9,JNJ,
40,41,FedEx,"Mail, Package and Freight Delivery",Memphis,Tennessee,38120,www.fedex.com,"464,400","$93,512","$57,431","$3,826",4.1,FDX,Raj Subramaniam
41,42,Humana,Health Care: Insurance and Managed Care,Louisville,Kentucky,40202,www.humana.com,"67,100","$92,870","$60,719","$2,806",3,HUM,Bruce D. Broussard
42,43,Energy Transfer,Pipelines,Dallas,Texas,75225,www.energytransfer.com,"12,565","$89,876","$38,590","$4,756",5.3,ET,Thomas E. Long
43,44,State Farm Insurance,Insurance: Property and Casualty (Mutual),Bloomington,Illinois,61710,www.statefarm.com,"60,519","$89,328",,"-$6,654",-7.4,,Michael L. Tipsord
44,45,Freddie Mac,Diversified Financials,McLean,Virginia,22102,www.freddiemac.com,"7,819","$86,717",$266,"$9,327",10.8,FMCC,Michael Devito
45,46,PepsiCo,Food Consumer Products,Purchase,New York,10577,www.pepsico.com,"315,000","$86,392","$251,085","$8,910",10.3,PEP,Ramon L. Laguarta
46,47,Wells Fargo,Commercial Banks,San Francisco,California,94104,www.wellsfargo.com,"238,000","$82,859","$141,188","$13,182",15.9,WFC,Charles W. Scharf
47,48,Walt Disney,Entertainment,Burbank,California,91521,www.thewaltdisneycompany.com,"195,800","$82,722","$182,920","$3,145",3.8,DIS,Robert A. Chapek
48,49,ConocoPhillips,"Mining, Crude-Oil Production",Houston,Texas,77079,www.conocophillips.com,"9,500","$82,156","$120,777","$18,680",22.7,COP,Ryan M. Lance
49,50,Tesla,Motor Vehicles & Parts,Austin,Texas,78725,www.tesla.com,"127,855","$81,462","$656,425","$12,556",15.4,TSLA,
50,51,Procter & Gamble,Household and Personal Products,Cincinnati,Ohio,45202,www.pg.com,"106,000","$80,187","$350,781","$14,742",18.4,PG,Jon R. Moeller
51,52,General Electric,Industrial Machinery,Boston,Massachusetts,02210,www.ge.com,"172,000","$76,555","$104,231",$225,0.3,GE,Lawrence Culp
52,53,Albertsons,Food and Drug Stores,Boise,Idaho,83706,www.albertsonscompanies.com,"195,750","$71,887","$11,132","$1,620",2.3,ACI,Vivek Sankaran
53,54,MetLife,"Insurance: Life, Health (Stock)",New York,New York,10166,www.metlife.com,"45,000","$69,898","$44,867","$2,539",3.6,MET,Michel A. Khalaf
54,55,Goldman Sachs Group,Commercial Banks,New York,New York,10282,www.goldmansachs.com,"48,500","$68,711","$113,964","$11,261",16.4,GS,David M. Solomon
55,56,Sysco,Wholesalers: Food and Grocery,Houston,Texas,77077,www.sysco.com,"70,510","$68,636","$39,202","$1,359",2,SYY,Kevin P. Hourican
56,57,Raytheon Technologies,Aerospace & Defense,Arlington,Virginia,22209,www.rtx.com,"182,000","$67,074","$143,292","$5,197",7.7,RTX,Gregory J. Hayes
57,58,Boeing,Aerospace & Defense,Arlington,Virginia,22202,www.boeing.com,"156,000","$66,608","$127,283","-$4,935",-7.4,BA,David L. Calhoun
58,59,StoneX Group,Diversified Financials,New York,New York,10169,www.stonex.com,"3,615","$66,036","$2,138",$207,0.3,SNEX,Sean M. O'Connor
59,60,Lockheed Martin,Aerospace & Defense,Bethesda,Maryland,20817,www.lockheedmartin.com,"116,000","$65,984","$120,319","$5,732",8.7,LMT,Jim Taiclet
60,61,Morgan Stanley,Commercial Banks,New York,New York,10036,www.morganstanley.com,"82,427","$65,936","$147,674","$11,029",16.7,MS,James P. Gorman
61,62,Intel,Semiconductors and Other Electronic Components,Santa Clara,California,95054,www.intel.com,"131,900","$63,054","$136,268","$8,014",12.7,INTC,Patrick P. Gelsinger
62,63,HP,"Computers, Office Equipment",Palo Alto,California,94304,www.hp.com,"58,000","$62,983","$28,919","$3,203",5.1,HPQ,Enrique J. Lores
63,64,TD Synnex,Wholesalers: Electronics and Office Equipment,Fremont,California,94538,www.tdsynnex.com,"28,500","$62,344","$9,061",$651,1,SNX,Richard T. Hume
64,65,International Business Machines,Information Technology Services,Armonk,New York,10504,www.ibm.com,"303,100","$60,530","$118,913","$1,639",2.7,IBM,Arvind Krishna
65,66,HCA Healthcare,Health Care: Medical Facilities,Nashville,Tennessee,37203,www.hcahealthcare.com,"250,500","$60,233","$73,107","$5,643",9.4,HCA,Samuel N. Hazen
66,67,Prudential Financial,"Insurance: Life, Health (Stock)",Newark,New Jersey,07102,www.prudential.com,"39,583","$60,050","$30,363","-$1,438",-2.4,PRU,Charles F. Lowrey
67,68,Caterpillar,Construction and Farm Machinery,Irving,Texas,75039,www.caterpillar.com,"109,100","$59,427","$118,161","$6,705",11.3,CAT,Jim Umpleby
68,69,Merck,Pharmaceuticals,Rahway,New Jersey,07065,www.merck.com,"68,000","$59,283","$270,081","$14,519",24.5,MRK,
69,70,World Fuel Services,Energy,Miami,Florida,33178,www.wfscorp.com,"5,214","$59,043","$1,585",$114,0.2,INT,Michael J. Kasbar
70,71,New York Life Insurance,"Insurance: Life, Health (Mutual)",New York,New York,10010,www.newyorklife.com,"15,050","$58,445",,"-$1,127",-1.9,,Craig Desanto
71,72,Enterprise Products Partners,Pipelines,Houston,Texas,77002,www.enterpriseproducts.com,"7,300","$58,186","$56,224","$5,490",9.4,EPD,James Teague
72,73,AbbVie,Pharmaceuticals,North Chicago,Illinois,60064,www.abbvie.com,"50,000","$58,054","$281,151","$11,836",20.4,ABBV,Richard A. Gonzalez
73,74,Plains GP Holdings,Pipelines,Houston,Texas,77002,www.plains.com,"4,100","$57,342","$2,551",$168,0.3,PAGP,Willie Chiang
74,75,Dow,Chemicals,Midland,Michigan,48674,www.dow.com,"37,800","$56,902","$38,812","$4,582",8.1,DOW,James R. Fitterling
75,76,American International Group,Insurance: Property and Casualty (Stock),New York,New York,10020,www.aig.com,"26,200","$56,437","$36,948","$10,276",18.2,AIG,Peter S. Zaffino
76,77,American Express,Diversified Financials,New York,New York,10285,www.americanexpress.com,"77,300","$55,625","$122,734","$7,514",13.5,AXP,
77,78,Publix Super Markets,Food and Drug Stores,Lakeland,Florida,33811,www.publix.com,"242,000","$54,942",,"$2,918",5.3,,Todd Jones
78,79,Charter Communications,Telecommunications,Stamford,Connecticut,06902,www.charter.com,"101,700","$54,022","$60,477","$5,055",9.4,CHTR,Christopher Winfrey
79,80,Tyson Foods,Food Production,Springdale,Arkansas,72762,www.tysonfoods.com,"142,000","$53,282","$21,096","$3,238",6.1,TSN,Donnie D. King
80,81,Deere,Construction and Farm Machinery,Moline,Illinois,61265,www.deere.com,"82,239","$52,577","$122,346","$7,131",13.6,DE,John C. May
81,82,Cisco Systems,Network and Other Communications Equipment,San Jose,California,95134,www.cisco.com,"83,300","$51,557","$214,109","$11,812",22.9,CSCO,Chuck Robbins
82,83,Nationwide,Insurance: Property and Casualty (Mutual),Columbus,Ohio,43215,www.nationwide.com,"24,791","$51,450",,$988,1.9,,Kirt A. Walker
83,84,Allstate,Insurance: Property and Casualty (Stock),Northbrook,Illinois,60062,www.allstate.com,"54,250","$51,412","$29,180","-$1,311",-2.6,ALL,Tom Wilson
84,85,Delta Air Lines,Airlines,Atlanta,Georgia,30354,www.delta.com,"95,000","$50,582","$22,392","$1,318",2.6,DAL,Ed Bastian
85,86,Liberty Mutual Insurance Group,Insurance: Property and Casualty (Stock),Boston,Massachusetts,02116,www.libertymutual.com,"50,000","$49,956",,$414,0.8,,Timothy Sweeney
86,87,TJX,Specialty Retailers: Apparel,Framingham,Massachusetts,01701,www.tjx.com,"329,000","$49,936","$90,315","$3,498",7,TJX,Ernie L. Herrman
87,88,Progressive,Insurance: Property and Casualty (Stock),Mayfield Village,Ohio,44143,www.progressive.com,"55,063","$49,611","$83,743",$722,1.5,PGR,Tricia Griffith
88,89,American Airlines Group,Airlines,Fort Worth,Texas,76155,www.aa.com,"129,700","$48,971","$9,629",$127,0.3,AAL,Robert D. Isom
89,90,CHS,Food Production,Inver Grove Heights,Minnesota,55077,www.chsinc.com,"10,014","$47,792",,"$1,679",3.5,,Jay D. Debertin
90,91,Performance Food Group,Wholesalers: Food and Grocery,Richmond,Virginia,23238,www.pfgc.com,"34,825","$47,194","$9,422",$113,0.2,PFGC,George L. Holm
91,92,PBF Energy,Petroleum Refining,Parsippany,New Jersey,07054,www.pbfenergy.com,"3,616","$46,830","$5,589","$2,877",6.1,PBF,Thomas J. Nimbley
92,93,Nike,Apparel,Beaverton,Oregon,97005,www.nike.com,"79,100","$46,710","$190,161","$6,046",12.9,NKE,John Donahoe
93,94,Best Buy,Specialty Retailers: Other,Richfield,Minnesota,55423,www.investors.bestbuy.com,"71,100","$46,298","$17,066","$1,419",3.1,BBY,Corie S. Barry
94,95,Bristol-Myers Squibb,Pharmaceuticals,New York,New York,10016,www.bms.com,"34,300","$46,159","$145,780","$6,327",13.7,BMY,Giovanni Caforio
95,96,United Airlines Holdings,Airlines,Chicago,Illinois,60606,www.united.com,"92,795","$44,955","$14,474",$737,1.6,UAL,Scott Kirby
96,97,Thermo Fisher Scientific,"Scientific, Photographic and Control Equipment",Waltham,Massachusetts,02451,www.thermofisher.com,"130,000","$44,915","$222,150","$6,950",15.5,TMO,Marc N. Casper
97,98,Qualcomm,Semiconductors and Other Electronic Components,San Diego,California,92121,www.qualcomm.com,"51,000","$44,200","$142,252","$12,936",29.3,QCOM,
98,99,Abbott Laboratories,Medical Products and Equipment,Abbott Park,Illinois,60064,www.abbott.com,"115,000","$43,653","$175,984","$6,933",15.9,ABT,Robert B. Ford
99,100,Coca-Cola,Beverages,Atlanta,Georgia,30313,www.coca-colacompany.com,"82,500","$43,004","$268,361","$9,542",22.2,KO,James R. Quincey
100,101,Oracle,Computer Software,Austin,Texas,78741,www.oracle.com,"143,000","$42,440","$250,866","$6,717",15.8,ORCL,Safra A. Catz
101,102,Nucor,Metals,Charlotte,North Carolina,28211,www.nucor.com,"31,400","$41,513","$38,917","$7,607",18.3,NUE,Leon J. Topalian
102,103,TIAA,"Insurance: Life, Health (Mutual)",New York,New York,10017,www.tiaa.org,"16,070","$40,911",,$494,1.2,,
103,104,Massachusetts Mutual Life Insurance,"Insurance: Life, Health (Mutual)",Springfield,Massachusetts,01111,www.massmutual.com,"10,662","$40,281",,"$1,485",3.7,,Roger W. Crandall
104,105,General Dynamics,Aerospace & Defense,Reston,Virginia,20190,www.gd.com,"106,500","$39,407","$62,692","$3,390",8.6,GD,Phebe N. Novakovic
105,106,Capital One Financial,Commercial Banks,McLean,Virginia,22102,www.capitalone.com,"55,943","$38,373","$36,776","$7,360",19.2,COF,Richard D. Fairbank
106,107,HF Sinclair,Petroleum Refining,Dallas,Texas,75201,www.hfsinclair.com,"5,223","$38,205","$9,492","$2,923",7.7,DINO,Tim Go
107,108,Dollar General,Specialty Retailers: Other,Goodlettsville,Tennessee,37072,www.dollargeneral.com,"170,000","$37,845","$46,114","$2,416",6.4,DG,Jeffery Owen
108,109,Arrow Electronics,Wholesalers: Electronics and Office Equipment,Centennial,Colorado,80112,www.arrow.com,"22,300","$37,124","$7,278","$1,427",3.8,ARW,Sean J. Kerins
109,110,Occidental Petroleum,"Mining, Crude-Oil Production",Houston,Texas,77046,www.oxy.com,"11,973","$37,095","$56,069","$13,304",35.9,OXY,Vicki Hollub
110,111,Northwestern Mutual,"Insurance: Life, Health (Mutual)",Milwaukee,Wisconsin,53202,www.northwesternmutual.com,"8,323","$36,921",,$912,2.5,,John Schlifske
111,112,Travelers,Insurance: Property and Casualty (Stock),New York,New York,10017,www.travelers.com,"32,175","$36,884","$39,783","$2,842",7.7,TRV,Alan Schnitzer
112,113,Northrop Grumman,Aerospace & Defense,Falls Church,Virginia,22042,www.northropgrumman.com,"95,000","$36,602","$70,203","$4,896",13.4,NOC,Kathy Warden
113,114,United Services Automobile Assn.,Insurance: Property and Casualty (Stock),San Antonio,Texas,78288,www.usaa.com,"36,820","$36,297",,"-$1,296",-3.6,,Wayne Peacock
114,115,Honeywell International,"Electronics, Electrical Equip.",Charlotte,North Carolina,28202,www.honeywell.com,"97,000","$35,466","$127,695","$4,966",14,HON,Vimal Kapur
115,116,3M,Chemicals,St. Paul,Minnesota,55144,www.3m.com,"92,000","$34,229","$57,965","$5,777",16.9,MMM,Michael F. Roman
116,117,US Foods Holding,Wholesalers: Food and Grocery,Rosemont,Illinois,60018,www.usfoods.com,"29,000","$34,057","$8,568",$265,0.8,USFD,David Flitman
117,118,Warner Bros. Discovery,Entertainment,New York,New York,10003,www.wbd.com,"37,500","$33,817","$36,778","-$7,371",-21.8,WBD,David M. Zaslav
118,119,Lennar,Homebuilders,Miami,Florida,33126,www.lennar.com,"12,012","$33,671","$29,726","$4,614",13.7,LEN,Jonathan M. Jaffe
119,120,D.R. Horton,Homebuilders,Arlington,Texas,76011,www.drhorton.com,"13,237","$33,480","$33,546","$5,858",17.5,DHI,David V. Auld
120,121,Jabil,Semiconductors and Other Electronic Components,St. Petersburg,Florida,33716,www.jabil.com,"250,000","$33,478","$11,750",$996,3,JBL,Mark T. Mondello
121,122,Cheniere Energy,Pipelines,Houston,Texas,77002,www.cheniere.com,"1,551","$33,428","$38,408","$1,428",4.3,LNG,Jack A. Fusco
122,123,Broadcom,Semiconductors and Other Electronic Components,San Jose,California,95131,www.broadcom.com,"20,000","$33,203","$267,473","$11,495",34.6,AVGO,Hock E. Tan
123,124,CarMax,"Automotive Retailing, Services",Richmond,Virginia,23238,www.carmax.com,"32,647","$33,197","$10,158","$1,151",3.5,KMX,William D. Nash
124,125,Starbucks,Food Services,Seattle,Washington,98134,www.starbucks.com,"402,000","$32,250","$119,677","$3,282",10.2,SBUX,Laxman Narasimhan
125,126,Molina Healthcare,Health Care: Insurance and Managed Care,Long Beach,California,90802,www.molinahealthcare.com,"15,000","$31,974","$15,586",$792,2.5,MOH,Joseph M. Zubretsky
126,127,Uber Technologies,Internet Services and Retailing,San Francisco,California,94158,www.uber.com,"32,800","$31,877","$63,840","-$9,141",-28.7,UBER,Dara Khosrowshahi
127,128,Philip Morris International,Tobacco,Stamford,Connecticut,06901,www.pmi.com,"79,800","$31,762","$150,946","$9,048",28.5,PM,Jacek Olczak
128,129,Netflix,Entertainment,Los Gatos,California,95032,www.netflix.com,"12,800","$31,616","$153,858","$4,492",14.2,NFLX,Ted Sarandos
129,130,NRG Energy,Energy,Houston,Texas,77002,www.nrg.com,"6,603","$31,543","$7,965","$1,221",3.9,NRG,Mauricio Gutierrez
130,131,Mondelez International,Food Consumer Products,Chicago,Illinois,60607,www.mondelezinternational.com,"91,000","$31,496","$95,050","$2,717",8.6,MDLZ,Dirk Van De Put
131,132,Danaher,Medical Products and Equipment,Washington,District of Columbia,20037,www.danaher.com,"80,000","$31,471","$183,764","$7,209",22.9,DHR,Rainer M. Blair
132,133,Salesforce,Computer Software,San Francisco,California,94105,www.salesforce.com,"79,390","$31,352","$199,780",$208,0.7,CRM,Marc R. Benioff
133,134,Paramount Global,Entertainment,New York,New York,10036,www.paramount.com,"27,400","$31,331","$14,657","$1,104",3.5,PARA,Robert M. Bakish
134,135,CBRE Group,Real Estate,Dallas,Texas,75201,www.cbre.com,"115,000","$30,828","$22,563","$1,407",4.6,CBRE,
135,136,Micron Technology,Semiconductors and Other Electronic Components,Boise,Idaho,83716,www.micron.com,"48,000","$30,758","$66,036","$8,687",28.2,MU,Sanjay Mehrotra
136,137,Visa,Financial Data Services,San Francisco,California,94105,www.visa.com,"26,500","$29,310","$475,307","$14,957",51,V,Ryan Mcinerney
137,138,Southern,Utilities: Gas and Electric,Atlanta,Georgia,30308,www.southerncompany.com,"27,562","$29,279","$75,948","$3,524",12,SO,Christopher C. Womack
138,139,United Natural Foods,Wholesalers: Food and Grocery,Providence,Rhose Island,02908,www.unfi.com,"30,300","$28,928","$1,565",$248,0.9,UNFI,Sandy Douglas
139,140,Paccar,Motor Vehicles & Parts,Bellevue,Washington,98004,www.paccar.com,"31,100","$28,820","$38,251","$3,012",10.4,PCAR,Preston Feight
140,141,Duke Energy,Utilities: Gas and Electric,Charlotte,North Carolina,28202,www.duke-energy.com,"27,859","$28,784","$74,344","$2,550",8.9,DUK,Lynn J. Good
141,142,Eli Lilly,Pharmaceuticals,Indianapolis,Indiana,46285,www.lilly.com,"39,000","$28,541","$326,351","$6,245",21.9,LLY,David A. Ricks
142,143,Hewlett Packard Enterprise,"Computers, Office Equipment",Spring,Texas,77389,www.hpe.com,"60,200","$28,496","$20,643",$868,3,HPE,Antonio F. Neri
143,144,Dollar Tree,Specialty Retailers: Other,Chesapeake,Virginia,23320,www.dollartree.com,"136,287","$28,332","$31,757","$1,615",5.7,DLTR,Rick Dreiling
144,145,Lithia Motors,"Automotive Retailing, Services",Medford,Oregon,97501,www.lithiadriveway.com,"21,875","$28,188","$6,337","$1,251",4.4,LAD,Bryan B. Deboer
145,146,Cummins,Industrial Machinery,Columbus,Indiana,47201,www.cummins.com,"73,600","$28,074","$33,811","$2,151",7.7,CMI,Jennifer Rumsey
146,147,Penske Automotive Group,"Automotive Retailing, Services",Bloomfield Hills,Michigan,48302,www.penskeautomotive.com,"26,816","$27,815","$9,795","$1,380",5,PAG,Roger S. Penske
147,148,PayPal Holdings,Financial Data Services,San Jose,California,95131,www.paypal.com,"29,900","$27,518","$85,917","$2,419",8.8,PYPL,Daniel H. Schulman
148,149,U.S. Bancorp,Commercial Banks,Minneapolis,Minnesota,55402,www.usbank.com,"76,646","$27,401","$55,221","$5,825",21.3,USB,Andrew J. Cecere
149,150,Gilead Sciences,Pharmaceuticals,Foster City,California,94404,www.gilead.com,"17,000","$27,281","$103,614","$4,592",16.8,GILD,Daniel P. O'Day
150,151,AutoNation,"Automotive Retailing, Services",Fort Lauderdale,Florida,33301,www.autonation.com,"23,600","$26,985","$6,301","$1,377",5.1,AN,Michael Manley
151,152,Nvidia,Semiconductors and Other Electronic Components,Santa Clara,California,95051,www.nvidia.com,"26,196","$26,974","$686,092","$4,368",16.2,NVDA,Jen-Hsun Huang
152,153,Kraft Heinz,Food Consumer Products,Chicago,Illinois,60601,www.kraftheinzcompany.com,"37,000","$26,485","$47,448","$2,363",8.9,KHC,Miguel Patricio
153,154,Amgen,Pharmaceuticals,Thousand Oaks,California,91320,www.amgen.com,"25,200","$26,323","$129,089","$6,552",24.9,AMGN,Robert A. Bradway
154,155,Applied Materials,Semiconductors and Other Electronic Components,Santa Clara,California,95054,www.appliedmaterials.com,"33,000","$25,785","$103,806","$6,525",25.3,AMAT,Gary E. Dickerson
155,156,EOG Resources,"Mining, Crude-Oil Production",Houston,Texas,77002,www.eogresources.com,"2,850","$25,702","$67,371","$7,759",30.2,EOG,Ezra Yacob
156,157,Truist Financial,Commercial Banks,Charlotte,North Carolina,28202,www.truist.com,"53,987","$25,356","$45,290","$6,260",24.7,TFC,William H. Rogers Jr.
157,158,Macy's,General Merchandisers,New York,New York,10001,www.macysinc.com,"94,570","$25,305","$4,747","$1,177",4.7,M,Jeffrey Gennette
158,159,Union Pacific,Railroads,Omaha,Nebraska,68179,www.up.com,"33,179","$24,875","$123,146","$6,998",28.1,UNP,Lance M. Fritz
159,160,C.H. Robinson Worldwide,Transportation and Logistics,Eden Prairie,Minnesota,55347,www.chrobinson.com,"17,399","$24,697","$11,417",$941,3.8,CHRW,Scott Anderson
160,161,Rite Aid,Food and Drug Stores,Philadelphia,Pennsylvania,19112,www.riteaid.com,"53,000","$24,568",$127,-$539,-2.2,RAD,
161,162,Constellation Energy,Energy,Baltimore,Maryland,21231,www.constellationenergy.com,"13,370","$24,440","$25,712",-$160,-0.7,CEG,Joseph Dominguez
162,163,Avnet,Wholesalers: Electronics and Office Equipment,Phoenix,Arizona,85034,www.avnet.com,"15,300","$24,311","$4,130",$692,2.8,AVT,Philip R. Gallagher
163,164,Pioneer Natural Resources,"Mining, Crude-Oil Production",Irving,Texas,75038,www.pxd.com,"2,076","$24,294","$47,997","$7,845",32.3,PXD,Scott D. Sheffield
164,165,Southwest Airlines,Airlines,Dallas,Texas,75235,www.southwest.com,"66,656","$23,814","$19,338",$539,2.3,LUV,Robert E. Jordan
165,166,CDW,Information Technology Services,Lincolnshire,Illinois,60069,www.cdw.com,"15,100","$23,749","$26,337","$1,115",4.7,CDW,Christine A. Leahy
166,167,Advanced Micro Devices,Semiconductors and Other Electronic Components,Santa Clara,California,95054,www.amd.com,"25,000","$23,601","$157,738","$1,320",5.6,AMD,Lisa T. Su
167,168,PNC Financial Services Group,Commercial Banks,Pittsburgh,Pennsylvania,15222,www.pnc.com,"60,720","$23,542","$50,800","$6,041",25.7,PNC,William S. Demchak
168,169,McDonald's,Food Services,Chicago,Illinois,60607,www.investor.mcdonalds.com,"150,000","$23,183","$204,534","$6,177",26.6,MCD,Christopher J. Kempczinski
169,170,Cleveland-Cliffs,Metals,Cleveland,Ohio,44114,www.clevelandcliffs.com,"27,000","$22,989","$9,436","$1,335",5.8,CLF,Lourenco Goncalves
170,171,Freeport-McMoRan,"Mining, Crude-Oil Production",Phoenix,Arizona,85004,www.fcx.com,"25,600","$22,780","$58,530","$3,468",15.2,FCX,Richard C. Adkerson
171,172,Builders FirstSource,"Building Materials, Glass",Dallas,Texas,75201,www.bldr.com,"29,000","$22,726","$12,253","$2,749",12.1,BLDR,Dave Rush
172,173,Oneok,Pipelines,Tulsa,Oklahoma,74103,www.oneok.com,"2,966","$22,387","$28,416","$1,722",7.7,OKE,Pierce Norton
173,174,Hartford Financial Services Group,Insurance: Property and Casualty (Stock),Hartford,Connecticut,06155,www.thehartford.com,"18,800","$22,362","$21,817","$1,815",8.1,HIG,Christopher J. Swift
174,175,Charles Schwab,Securities,Westlake,Texas,76262,www.aboutschwab.com,"35,300","$22,307","$95,264","$7,183",32.2,SCHW,Walter W. Bettinger
175,176,Steel Dynamics,Metals,Fort Wayne,Indiana,46804,www.steeldynamics.com,"12,060","$22,261","$19,286","$3,863",17.4,STLD,Mark D. Millett
176,177,Mastercard,Financial Data Services,Purchase,New York,10577,www.mastercard.com,"29,900","$22,237","$346,418","$9,930",44.7,MA,Michael Miebach
177,178,Sherwin-Williams,Chemicals,Cleveland,Ohio,44115,www.sherwin.com,"64,366","$22,149","$58,090","$2,020",9.1,SHW,
178,179,Genuine Parts,Wholesalers: Diversified,Atlanta,Georgia,30339,www.genpt.com,"58,000","$22,096","$23,559","$1,183",5.4,GPC,Paul Donahue
179,180,PG&E,Utilities: Gas and Electric,Oakland,California,94612,www.pgecorp.com,"26,010","$21,680","$32,154","$1,800",8.3,PCG,
180,181,WESCO International,Wholesalers: Diversified,Pittsburgh,Pennsylvania,15219,www.wesco.com,"20,000","$21,420","$7,897",$861,4,WCC,John J. Engel
181,182,Murphy USA,Specialty Retailers: Other,El Dorado,Arkansas,71730,www.murphyusa.com,"10,550","$21,266","$5,621",$673,3.2,MUSA,Andrew Clyde
182,183,WestRock,"Packaging, Containers",Atlanta,Georgia,30328,www.westrock.com,"50,500","$21,257","$7,759",$945,4.4,WRK,David Sewell
183,184,International Paper,"Packaging, Containers",Memphis,Tennessee,38197,www.internationalpaper.com,"39,000","$21,161","$12,598","$1,504",7.1,IP,Mark S. Sutton
184,185,Baker Hughes,"Oil and Gas Equipment, Services",Houston,Texas,77073,www.bakerhughes.com,"55,000","$21,156","$29,386",-$601,-2.8,BKR,Lorenzo Simonelli
185,186,United States Steel,Metals,Pittsburgh,Pennsylvania,15219,www.ussteel.com,"22,740","$21,065","$5,930","$2,524",12,X,David B. Burritt
186,187,NextEra Energy,Utilities: Gas and Electric,Juno Beach,Florida,33408,www.nexteraenergy.com,"15,300","$20,956","$153,196","$4,147",19.8,NEE,John W. Ketchum
187,188,Targa Resources,Pipelines,Houston,Texas,77002,www.targaresources.com,"2,850","$20,930","$16,507","$1,196",5.7,TRGP,Matthew J. Meloy
188,189,Lear,Motor Vehicles & Parts,Southfield,Michigan,48033,www.lear.com,"168,700","$20,892","$8,248",$328,1.6,LEA,Raymond E. Scott
189,190,Jones Lang LaSalle,Real Estate,Chicago,Illinois,60601,www.jll.com,"103,300","$20,862","$6,926",$655,3.1,JLL,Christian Ulbrich
190,191,Goodyear Tire & Rubber,Motor Vehicles & Parts,Akron,Ohio,44316,www.goodyear.com,"74,000","$20,805","$3,122",$202,1,GT,Richard J. Kramer
191,192,Marriott International,"Hotels, Casinos, Resorts",Bethesda,Maryland,20814,www.marriott.com,"140,000","$20,773","$51,287","$2,358",11.4,MAR,Anthony G. Capuano
192,193,Marsh & McLennan,Diversified Financials,New York,New York,10036,www.marshmclennan.com,"85,000","$20,720","$82,371","$3,050",14.7,MMC,John Q. Doyle
193,194,Altria Group,Tobacco,Richmond,Virginia,23230,www.altria.com,"6,300","$20,688","$79,672","$5,764",27.9,MO,Billy Gifford
194,195,Coupang,Internet Services and Retailing,Seattle,Washington,98101,www.aboutcoupang.com,"63,000","$20,583","$28,388",-$92,-0.4,CPNG,Bom Kim
195,196,Carrier Global,Industrial Machinery,Palm Beach Gardens,Florida,33418,www.corporate.carrier.com,"52,000","$20,421","$38,199","$3,534",17.3,CARR,David Gitlin
196,197,Halliburton,"Oil and Gas Equipment, Services",Houston,Texas,77032,www.halliburton.com,"45,000","$20,297","$28,605","$1,572",7.7,HAL,Jeffrey A. Miller
197,198,Delek US Holdings,Petroleum Refining,Brentwood,Tennessee,37027,www.delekus.com,"3,746","$20,246","$1,538",$257,1.3,DK,Avigal Soreq
198,199,Kimberly-Clark,Household and Personal Products,Irving,Texas,75038,www.kimberly-clark.com,"44,000","$20,175","$45,293","$1,934",9.6,KMB,Mike Hsu
199,200,Texas Instruments,Semiconductors and Other Electronic Components,Dallas,Texas,75243,www.ti.com,"33,000","$20,028","$168,775","$8,749",43.7,TXN,Haviv Ilan
200,201,Bank of New York Mellon,Commercial Banks,New York,New York,10286,www.bnymellon.com,"51,700","$19,991","$36,736","$2,573",12.9,BK,Robin Vince
201,202,ManpowerGroup,Temporary Help,Milwaukee,Wisconsin,53212,www.manpowergroup.com,"30,900","$19,828","$4,191",$374,1.9,MAN,Jonas Prising
202,203,Whirlpool,"Electronics, Electrical Equip.",Benton Harbor,Michigan,49022,www.whirlpoolcorp.com,"61,000","$19,724","$7,197","-$1,519",-7.7,WHR,Marc R. Bitzer
203,204,Waste Management,Waste Management,Houston,Texas,77002,www.wm.com,"49,500","$19,698","$66,372","$2,238",11.4,WM,James C. Fish Jr.
204,205,American Electric Power,Utilities: Gas and Electric,Columbus,Ohio,43215,www.aep.com,"16,974","$19,640","$46,806","$2,307",11.7,AEP,Julie Sloat
205,206,Emerson Electric,Industrial Machinery,St. Louis,Montana,63136,www.emerson.com,"85,500","$19,629","$49,792","$3,231",16.5,EMR,Lal L. Karsanbhai
206,207,Aflac,"Insurance: Life, Health (Stock)",Columbus,Georgia,31999,www.aflac.com,"12,882","$19,502","$39,467","$4,201",21.5,AFL,Daniel P. Amos
207,208,Cognizant Technology Solutions,Information Technology Services,Teaneck,New Jersey,07666,www.cognizant.com,"355,300","$19,428","$31,031","$2,290",11.8,CTSH,Ravi Kumar S
208,209,Becton Dickinson,Medical Products and Equipment,Franklin Lakes,New Jersey,07417,www.bd.com,"77,000","$19,408","$70,277","$1,779",9.2,BDX,Tom Polen
209,210,BJ's Wholesale Club,General Merchandisers,Marlborough,Massachusetts,01752,www.bjs.com,"34,000","$19,315","$10,186",$513,2.7,BJ,Robert W. Eddy
210,211,Moderna,Pharmaceuticals,Cambridge,Massachusetts,02139,www.modernatx.com,"3,900","$19,263","$59,232","$8,362",43.4,MRNA,Stephane Bancel
211,212,DTE Energy,Utilities: Gas and Electric,Detroit,Michigan,48226,www.dteenergy.com,"10,250","$19,228","$22,577","$1,083",5.6,DTE,Gerardo Norcia
212,213,Land O'Lakes,Food Consumer Products,Arden Hills,Minnesota,55126,www.landolakesinc.com,"9,000","$19,226",,$241,1.3,,Beth E. Ford
213,214,Kinder Morgan,Pipelines,Houston,Texas,77002,www.kindermorgan.com,"10,525","$19,200","$39,363","$2,548",13.3,KMI,Steven J. Kean
214,215,Tenet Healthcare,Health Care: Medical Facilities,Dallas,Texas,75254,www.tenethealth.com,"89,088","$19,174","$6,077",$411,2.1,THC,Saum Sutaria
215,216,Devon Energy,"Mining, Crude-Oil Production",Oklahoma City,Oklahoma,73102,www.devonenergy.com,"1,800","$19,169","$33,099","$6,015",31.4,DVN,Richard E. Muncrief
216,217,Mosaic,Chemicals,Tampa,Florida,33602,www.mosaicco.com,"13,570","$19,125","$15,438","$3,583",18.7,MOS,James C. O'Rourke
217,218,Exelon,Utilities: Gas and Electric,Chicago,Illinois,60603,www.exeloncorp.com,"19,063","$19,078","$41,651","$2,170",11.4,EXC,Calvin G. Butler
218,219,General Mills,Food Consumer Products,Minneapolis,Minnesota,55426,www.generalmills.com,"32,500","$18,993","$50,195","$2,707",14.3,GIS,Jeffrey L. Harmening
219,220,Global Partners,Wholesalers: Diversified,Waltham,Massachusetts,02453,www.globalp.com,"3,585","$18,878","$1,055",$362,1.9,GLP,Eric Slifka
220,221,Western Digital,"Computers, Office Equipment",San Jose,California,95119,www.westerndigital.com,"65,000","$18,793","$12,029","$1,500",8,WDC,David V. Goeckeler
221,222,Lincoln National,"Insurance: Life, Health (Stock)",Radnor,Pennsylvania,19087,www.lfg.com,"11,316","$18,766","$3,802","-$2,241",-11.9,LNC,Ellen G. Cooper
222,223,Ross Stores,Specialty Retailers: Apparel,Dublin,California,94568,www.rossstores.com,"101,000","$18,696","$36,302","$1,512",8.1,ROST,Barbara Rentler
223,224,Stryker,Medical Products and Equipment,Kalamazoo,Michigan,49002,www.stryker.com,"51,000","$18,449","$108,228","$2,358",12.8,SYK,Kevin A. Lobo
224,225,Kyndryl Holdings,Information Technology Services,New York,New York,10017,www.kyndryl.com,"90,000","$18,317","$3,358","-$2,054",-11.2,KD,Martin J. Schroeter
225,226,Kohl's,General Merchandisers,Menomonee Falls,Wisconsin,53051,www.kohls.com,"66,500","$18,098","$2,607",-$19,-0.1,KSS,Tom Kingsbury
226,227,Stanley Black & Decker,"Home Equipment, Furnishings",New Britain,Connecticut,06053,www.stanleyblackanddecker.com,"54,200","$18,004","$12,333","$1,063",5.9,SWK,Donald Allan
227,228,Colgate-Palmolive,Household and Personal Products,New York,New York,10022,www.colgatepalmolive.com,"33,800","$17,967","$62,535","$1,785",9.9,CL,Noel R. Wallace
228,229,BlackRock,Securities,New York,New York,10001,www.blackrock.com,"19,800","$17,873","$100,526","$5,178",29,BLK,
229,230,Fiserv,Financial Data Services,Brookfield,Wisconsin,53045,www.fiserv.com,"41,000","$17,737","$70,997","$2,530",14.3,FISV,Frank J. Bisignano
230,230,Est√©e Lauder,Household and Personal Products,New York,New York,10153,www.elcompanies.com,"53,865","$17,737","$88,041","$2,390",13.5,EL,Fabrizio Freda
231,232,PPG Industries,Chemicals,Pittsburgh,Pennsylvania,15272,www.ppg.com,"52,000","$17,652","$31,439","$1,026",5.8,PPG,Timothy M. Knavish
232,233,Adobe,Computer Software,San Jose,California,95110,www.adobe.com,"29,239","$17,606","$176,769","$4,756",27,ADBE,Shantanu Narayen
233,234,Block,Financial Data Services,San Francisco,California,94103,www.block.xyz,"12,428","$17,532","$41,329",-$541,-3.1,SQ,Jack Dorsey
234,235,Synchrony Financial,Diversified Financials,Stamford,Connecticut,06902,www.synchrony.com,"18,500","$17,526","$12,709","$3,016",17.2,SYF,Brian D. Doubles
235,236,Principal Financial,"Insurance: Life, Health (Stock)",Des Moines,Iowa,50392,www.principal.com,"19,300","$17,492","$18,068","$4,812",27.5,PFG,
236,237,Lumen Technologies,Telecommunications,Monroe,Louisiana,71203,www.lumen.com,"29,000","$17,478","$2,654","-$1,548",-8.9,LUMN,Kathleen E. Johnson
237,238,Corteva,Food Production,Indianapolis,Indiana,46268,www.corteva.com,"21,000","$17,455","$42,977","$1,147",6.6,CTVA,Chuck Magro
238,239,Andersons,Food Production,Maumee,Ohio,43537,www.andersonsinc.com,"2,244","$17,351","$1,396",$131,0.8,ANDE,Patrick E. Bowe
239,240,Lam Research,Semiconductors and Other Electronic Components,Fremont,California,94538,www.lamresearch.com,"17,700","$17,227","$71,532","$4,605",26.7,LRCX,Timothy M. Archer
240,241,Edison International,Utilities: Gas and Electric,Rosemead,California,91770,www.edisoninvestor.com,"13,110","$17,220","$27,010",$612,3.6,EIX,Pedro J. Pizarro
241,242,Dominion Energy,Utilities: Gas and Electric,Richmond,Virginia,23219,www.dominionenergy.com,"17,200","$17,174","$46,699",$994,5.8,D,Robert M. Blue
242,243,Booking Holdings,Internet Services and Retailing,Norwalk,Connecticut,06854,www.bookingholdings.com,"21,492","$17,090","$99,859","$3,058",17.9,BKNG,Glenn D. Fogel
243,244,Quanta Services,Engineering & Construction,Houston,Texas,77008,www.quantaservices.com,"47,300","$17,074","$23,996",$491,2.9,PWR,"Earl C. ""Duke"" Austin"
244,245,Expeditors International of Washington,Transportation and Logistics,Seattle,Washington,98104,www.expeditors.com,"20,302","$17,071","$17,009","$1,357",8,EXPD,Jeff Musser
245,246,L3Harris Technologies,Aerospace & Defense,Melbourne,Florida,32919,www.l3harris.com,"46,000","$17,062","$37,277","$1,062",6.2,LHX,
246,247,Reliance Steel & Aluminum,Metals,Scottsdale,Arizona,85254,www.rsac.com,"14,750","$17,025","$15,142","$1,840",10.8,RS,Karla R. Lewis
247,248,Live Nation Entertainment,Entertainment,Beverly Hills,California,90210,www.livenationentertainment.com,"20,550","$16,681","$16,211",$296,1.8,LYV,Michael Rapino
248,249,DISH Network,Telecommunications,Englewood,Colorado,80112,www.dish.com,"14,200","$16,679","$4,956","$2,303",13.8,DISH,Erik Carlson
249,250,DuPont,Chemicals,Wilmington,Delaware,19805,www.dupont.com,"23,000","$16,549","$32,895","$5,868",35.5,DD,Edward D. Breen
250,251,Automatic Data Processing,Diversified Outsourcing Services,Roseland,New Jersey,07068,www.adp.com,"60,000","$16,498","$92,247","$2,949",17.9,ADP,Maria Black
251,252,Group 1 Automotive,"Automotive Retailing, Services",Houston,Texas,77024,www.group1auto.com,"15,491","$16,412","$3,194",$752,4.6,GPI,Daryl Kenningham
252,253,Aramark,Diversified Outsourcing Services,Philadelphia,Pennsylvania,19103,www.aramark.com,"273,875","$16,327","$9,326",$195,1.2,ARMK,John J. Zillmer
253,254,Thor Industries,Motor Vehicles & Parts,Elkhart,Indiana,46514,www.thorindustries.com,"32,000","$16,313","$4,262","$1,138",7,THO,
254,255,DXC Technology,Information Technology Services,Ashburn,Virginia,20147,www.dxc.technology,"130,000","$16,265","$5,820",$718,4.4,DXC,
255,256,Viatris,Pharmaceuticals,Canonsburg,Pennsylvania,15317,www.viatris.com,"37,000","$16,263","$11,513","$2,079",12.8,VTRS,Scott A. Smith
256,257,Reinsurance Group of America,"Insurance: Life, Health (Stock)",Chesterfield,Montana,63017,www.rgare.com,"3,800","$16,258","$8,876",$623,3.8,RGA,
257,258,AutoZone,Specialty Retailers: Other,Memphis,Tennessee,38103,www.autozone.com,"90,720","$16,252","$45,224","$2,430",14.9,AZO,William C. Rhodes Iii
258,259,PulteGroup,Homebuilders,Atlanta,Georgia,30326,www.pultegroupinc.com,"6,524","$16,229","$13,073","$2,617",16.1,PHM,Ryan R. Marshall
259,260,Illinois Tool Works,Industrial Machinery,Glenview,Illinois,60025,www.itw.com,"46,000","$15,932","$74,209","$3,034",19,ITW,Scott Santi
260,261,Parker-Hannifin,Industrial Machinery,Cleveland,Ohio,44124,www.parker.com,"55,090","$15,862","$43,112","$1,316",8.3,PH,Jennifer A. Parmentier
261,262,BorgWarner,Motor Vehicles & Parts,Auburn Hills,Michigan,48326,www.borgwarner.com,"52,700","$15,801","$11,481",$944,6,BWA,Frederic B. Lissalde
262,263,Westlake,Chemicals,Houston,Texas,77056,www.westlake.com,"15,920","$15,794","$14,812","$2,247",14.2,WLK,Albert Yuan Chao
263,264,Consolidated Edison,Utilities: Gas and Electric,New York,New York,10003,www.conedison.com,"14,319","$15,670","$33,967","$1,660",10.6,ED,Timothy P. Cawley
264,265,Gap,Specialty Retailers: Apparel,San Francisco,California,94105,www.gapinc.com,"95,000","$15,616","$3,693",-$202,-1.3,GPS,Bobby Martin
265,266,Opendoor Technologies,Internet Services and Retailing,Tempe,Arizona,85281,www.opendoor.com,"2,570","$15,567","$1,131","-$1,353",-8.7,OPEN,Carrie Wheeler
266,267,Nordstrom,General Merchandisers,Seattle,Washington,98101,www.nordstrom.com,"60,000","$15,530","$2,606",$245,1.6,JWN,Erik B. Nordstrom
267,268,Asbury Automotive Group,"Automotive Retailing, Services",Duluth,Georgia,30097,www.asburyauto.com,"13,000","$15,434","$4,557",$997,6.5,ABG,David W. Hult
268,269,Ball,"Packaging, Containers",Westminster,Colorado,80021,www.ball.com,"21,000","$15,349","$17,326",$719,4.7,BALL,Dan Fisher
269,270,Kellogg,Food Consumer Products,Battle Creek,Michigan,49017,www.kelloggcompany.com,"30,000","$15,315","$22,945",$960,6.3,K,Steven A. Cahillane
270,271,Xcel Energy,Utilities: Gas and Electric,Minneapolis,Minnesota,55401,www.xcelenergy.com,"11,982","$15,310","$37,082","$1,736",11.3,XEL,Bob Frenzel
271,272,W.W. Grainger,Wholesalers: Diversified,Lake Forest,Illinois,60045,www.grainger.com,"24,500","$15,228","$34,622","$1,547",10.2,GWW,Donald G. Macpherson
272,273,Discover Financial Services,Commercial Banks,Riverwoods,Illinois,60015,www.discover.com,"20,200","$15,202","$25,635","$4,392",28.9,DFS,Roger C. Hochschild
273,274,Baxter International,Medical Products and Equipment,Deerfield,Illinois,60015,www.baxter.com,"60,000","$15,113","$20,504","-$2,433",-16.1,BAX,Jose E Almeida
274,275,Southwestern Energy,"Mining, Crude-Oil Production",Spring,Texas,77389,www.swn.com,"1,118","$15,002","$5,506","$1,849",12.3,SWN,Bill Way
275,276,DCP Midstream,Pipelines,Denver,Colorado,80237,www.dcpmidstream.com,"1,910","$14,993","$8,701","$1,052",7,DCP,
276,277,Jacobs Solutions,Engineering & Construction,Dallas,Texas,75201,www.jacobs.com,"58,350","$14,923","$14,890",$644,4.3,J,Bob Pragada
277,278,Laboratory Corp. of America,Health Care: Pharmacy and Other Services,Burlington,North Carolina,27215,www.labcorp.com,"75,200","$14,877","$20,304","$1,279",8.6,LH,Adam H. Schechter
278,279,CSX,Railroads,Jacksonville,Florida,32202,www.csx.com,"22,542","$14,853","$61,330","$4,166",28,CSX,Joseph R. Hinrichs
279,280,J.B. Hunt Transport Services,"Trucking, Truck Leasing",Lowell,Arkansas,72745,www.jbhunt.com,"37,151","$14,814","$18,208",$969,6.5,JBHT,John N. Roberts Iii
280,281,Guardian Life Ins. Co. of America,"Insurance: Life, Health (Mutual)",New York,New York,10001,www.guardianlife.com,"8,025","$14,653",,$71,0.5,,Andrew J. Mcmahon
281,282,Jackson Financial,"Insurance: Life, Health (Stock)",Lansing,Michigan,48951,www.jackson.com,"3,435","$14,551","$3,078","$5,697",39.2,JXN,Laura L. Prieskorn
282,283,Fidelity National Information Services,Financial Data Services,Jacksonville,Florida,32202,www.fisglobal.com,"69,000","$14,528","$32,160","-$16,720",-115.1,FIS,Stephanie Ferris
283,284,Berry Global Group,"Packaging, Containers",Evansville,Indiana,47710,www.berryglobal.com,"46,000","$14,495","$7,151",$766,5.3,BERY,Thomas E. Salmon
284,285,Sempra,Utilities: Gas and Electric,San Diego,California,92101,www.sempra.com,"15,785","$14,439","$47,563","$2,138",14.8,SRE,
285,286,IQVIA Holdings,Health Care: Pharmacy and Other Services,Durham,North Carolina,27703,www.iqvia.com,"86,000","$14,410","$37,022","$1,091",7.6,IQV,Ari Bousbib
286,287,O'Reilly Automotive,Specialty Retailers: Other,Springfield,Montana,65802,www.oreillyauto.com,"79,679","$14,410","$52,269","$2,173",15.1,ORLY,Gregory D. Johnson
287,288,Leidos Holdings,Information Technology Services,Reston,Virginia,20190,www.leidos.com,"45,000","$14,396","$12,630",$685,4.8,LDOS,Thomas A. Bell
288,289,Ameriprise Financial,Diversified Financials,Minneapolis,Minnesota,55474,www.ameriprise.com,"13,500","$14,347","$32,228","$2,559",17.8,AMP,James M. Cracchiolo
289,290,Omnicom Group,"Advertising, Marketing",New York,New York,10017,www.omnicomgroup.com,"74,200","$14,289","$19,001","$1,317",9.2,OMC,John D. Wren
290,291,Tractor Supply,Specialty Retailers: Other,Brentwood,Tennessee,37027,www.tractorsupply.com,"36,500","$14,205","$25,830","$1,089",7.7,TSCO,Harry A. Lawton Iii
291,292,Corning,"Electronics, Electrical Equip.",Corning,New York,14831,www.corning.com,"57,500","$14,189","$29,890","$1,316",9.3,GLW,Wendell P. Weeks
292,293,Ecolab,Chemicals,St. Paul,Minnesota,55102,www.ecolab.com,"47,000","$14,188","$47,121","$1,092",7.7,ECL,Christophe Beck
293,294,Icahn Enterprises,Diversified Financials,Sunny Isles Beach,Florida,33160,www.ielp.com,"20,041","$14,101","$18,283",-$183,-1.3,IEP,David Willetts
294,295,Farmers Insurance Exchange,Insurance: Property and Casualty (Mutual),Woodland Hills,California,91367,www.farmers.com,"11,344","$14,092",,-$314,-2.2,,Raul Vargas
295,296,Keurig Dr Pepper,Beverages,Burlington,Massachusetts,01803,www.keurigdrpepper.com,"28,000","$14,057","$49,620","$1,436",10.2,KDP,Robert J. Gamgort
296,297,Loews,Insurance: Property and Casualty (Stock),New York,New York,10065,www.loews.com,"12,050","$14,044","$13,395","$1,012",7.2,L,James S. Tisch
297,298,Equitable Holdings,"Insurance: Life, Health (Stock)",New York,New York,10104,www.equitableholdings.com,"10,250","$14,017","$9,186","$1,785",12.7,EQH,Mark Pearson
298,299,Sonic Automotive,"Automotive Retailing, Services",Charlotte,North Carolina,28211,www.sonicautomotive.com,"10,300","$14,001","$1,930",$89,0.6,SAH,David Bruton Smith
299,300,Fox,Entertainment,New York,New York,10036,www.foxcorporation.com,"10,600","$13,974","$17,551","$1,205",8.6,FOXA,Lachlan K. Murdoch
300,301,American Family Insurance Group,Insurance: Property and Casualty (Stock),Madison,Wisconsin,53783,www.amfam.com,"12,990","$13,814",,"-$1,904",-13.8,,Bill Westrate
301,302,Entergy,Utilities: Gas and Electric,New Orleans,Louisiana,70113,www.entergy.com,"11,707","$13,764","$22,851","$1,103",8,ETR,Andrew S. Marsh
302,303,Fluor,Engineering & Construction,Irving,Texas,75039,www.fluor.com,"39,576","$13,744","$4,392",$145,1.1,FLR,David E. Constable
303,304,Vistra,Energy,Irving,Texas,75039,www.vistracorp.com,"4,910","$13,728","$9,155","-$1,227",-8.9,VST,
304,305,State Street,Commercial Banks,Boston,Massachusetts,02111,www.statestreet.com,"42,226","$13,692","$26,074","$2,774",20.3,STT,Ronald P. O'Hanley
305,306,Otis Worldwide,Industrial Machinery,Farmington,Connecticut,06032,www.otis.com,"69,000","$13,685","$35,015","$1,253",9.2,OTIS,Judith F. Marks
306,307,Peter Kiewit Sons',Engineering & Construction,Omaha,Nebraska,68102,www.kiewit.com,"25,700","$13,663",,$710,5.2,,Rick Lanoha
307,308,Carvana,"Automotive Retailing, Services",Tempe,Arizona,85281,www.carvana.com,"16,600","$13,604","$1,761","-$1,587",-11.7,CVNA,Ernest C. Garcia Iii
308,309,Republic Services,Waste Management,Phoenix,Arizona,85054,www.republicservices.com,"40,000","$13,511","$42,763","$1,488",11,RSG,Jon Vander Ark
309,310,AECOM,Engineering & Construction,Dallas,Texas,75240,www.aecom.com,"50,000","$13,496","$11,716",$311,2.3,ACM,Troy Rudd
310,311,Universal Health Services,Health Care: Medical Facilities,King of Prussia,Pennsylvania,19406,www.uhs.com,"82,500","$13,399","$8,982",$676,5,UHS,Marc D. Miller
311,312,Pacific Life,"Insurance: Life, Health (Stock)",Newport Beach,California,92660,www.pacificlife.com,"3,950","$13,360",,$763,5.7,,Darryl Button
312,313,VMware,Computer Software,Palo Alto,California,94304,www.vmware.com,"38,300","$13,350","$53,496","$1,314",9.8,VMW,Raghu Raghuram
313,314,Western & Southern Financial Group,"Insurance: Life, Health (Mutual)",Cincinnati,Ohio,45202,www.westernsouthern.com,"2,594","$13,156",,$309,2.4,,John F. Barrett
314,315,MGM Resorts International,"Hotels, Casinos, Resorts",Las Vegas,Nevada,89109,www.mgmresorts.com,"66,000","$13,128","$16,564","$1,473",11.2,MGM,William J. Hornbuckle
315,316,Casey's General Stores,Specialty Retailers: Other,Ankeny,Iowa,50021,www.caseys.com,"31,466","$12,953","$8,066",$340,2.6,CASY,Darren Rebelez
316,317,Crown Holdings,"Packaging, Containers",Tampa,Florida,33637,www.crowncork.com,"26,000","$12,943","$9,934",$727,5.6,CCK,Timothy J. Donahue
317,318,Textron,Aerospace & Defense,Providence,Rhose Island,02903,www.textron.com,"34,000","$12,869","$14,385",$861,6.7,TXT,Scott C. Donnelly
318,319,LKQ,Wholesalers: Diversified,Chicago,Illinois,60661,www.lkqcorp.com,"45,000","$12,794","$15,171","$1,149",9,LKQ,Dominick P. Zarcone
319,320,Norfolk Southern,Railroads,Atlanta,Georgia,30308,www.norfolksouthern.com,"19,300","$12,745","$48,257","$3,270",25.7,NSC,Alan H. Shaw
320,321,Intuit,Computer Software,Mountain View,California,94043,www.intuit.com,"21,850","$12,726","$125,076","$2,066",16.2,INTU,Sasan K. Goodarzi
321,322,Air Products & Chemicals,Chemicals,Allentown,Pennsylvania,18106,www.airproducts.com,"20,805","$12,699","$63,784","$2,256",17.8,APD,Seifi Ghasemi
322,323,Boston Scientific,Medical Products and Equipment,Marlborough,Massachusetts,01752,www.bostonscientific.com,"45,000","$12,682","$71,910",$698,5.5,BSX,Michael F. Mahoney
323,324,AGCO,Construction and Farm Machinery,Duluth,Georgia,30096,www.agcocorp.com,"25,600","$12,651","$10,119",$890,7,AGCO,Eric P. Hansotia
324,325,Henry Schein,Wholesalers: Health Care,Melville,New York,11747,www.henryschein.com,"22,000","$12,647","$10,705",$538,4.3,HSIC,Stanley M. Bergman
325,326,Amphenol,Network and Other Communications Equipment,Wallingford,Connecticut,06492,www.amphenol.com,"91,000","$12,623","$48,591","$1,902",15.1,APH,Adam Norwitt
326,327,AES,Utilities: Gas and Electric,Arlington,Virginia,22203,www.aes.com,"9,100","$12,617","$16,110",-$546,-4.3,AES,Andres R. Gluski
327,328,Mutual of Omaha Insurance,"Insurance: Life, Health (Mutual)",Omaha,Nebraska,68175,www.mutualofomaha.com,"6,350","$12,531",,-$177,-1.4,,James T. Blackledge
328,329,Ovintiv,"Mining, Crude-Oil Production",Denver,Colorado,80202,www.ovintiv.com,"1,744","$12,464","$8,772","$3,637",29.2,OVV,Brendan M. Mccracken
329,330,Hormel Foods,Food Consumer Products,Austin,Minnesota,55912,www.hormelfoods.com,"20,000","$12,459","$21,796","$1,000",8,HRL,Jim(James) Snee
330,331,Alcoa,Metals,Pittsburgh,Pennsylvania,15212,www.alcoa.com,"13,100","$12,451","$7,591",-$123,-1,AA,Roy C. Harvey
331,332,International Flavors & Fragrances,Chemicals,New York,New York,10019,www.iff.com,"24,600","$12,440","$23,456","-$1,871",-15,IFF,Frank Clyburn
332,333,Jones Financial (Edward Jones),Securities,Des Peres,Montana,63131,www.edwardjones.com,"52,000","$12,411",,"$1,404",11.3,,Penny Pennington
333,334,Dick's Sporting Goods,Specialty Retailers: Other,Coraopolis,Pennsylvania,15108,www.dickssportinggoods.com,"35,800","$12,368","$12,148","$1,043",8.4,DKS,Lauren R. Hobart
334,335,Eversource Energy,Utilities: Gas and Electric,Springfield,Massachusetts,01104,www.eversource.com,"9,626","$12,289","$27,287","$1,405",11.4,ES,Joseph R. Nolan
335,336,Wayfair,Internet Services and Retailing,Boston,Massachusetts,02116,www.wayfair.com,"15,745","$12,218","$3,796","-$1,331",-10.9,W,Niraj S. Shah
336,337,Community Health Systems,Health Care: Medical Facilities,Franklin,Tennessee,37067,www.chs.net,"58,500","$12,211",$670,$46,0.4,CYH,Tim L. Hingten
337,338,Ally Financial,Diversified Financials,Detroit,Michigan,48226,www.ally.com,"11,600","$12,199","$7,668","$1,714",14.1,ALLY,Jeffrey J. Brown
338,339,Regeneron Pharmaceuticals,Pharmaceuticals,Tarrytown,New York,10591,www.regeneron.com,"11,851","$12,173","$89,830","$4,338",35.6,REGN,Leonard S. Schleifer
339,340,Liberty Media,Entertainment,Englewood,Colorado,80112,www.libertymedia.com,"7,283","$12,164","$9,130","$1,815",14.9,LSXMA,Gregory B. Maffei
340,341,APA,"Mining, Crude-Oil Production",Houston,Texas,77056,www.apacorp.com,"2,273","$12,132","$11,213","$3,674",30.3,APA,John J. Christmann Iv
341,342,Qurate Retail,Internet Services and Retailing,Englewood,Colorado,80112,www.qurateretail.com,"24,683","$12,106",$406,"-$2,594",-21.4,QRTEA,David Rawlinson Ii
342,343,FirstEnergy,Utilities: Gas and Electric,Akron,Ohio,44308,www.firstenergycorp.com,"12,335","$12,053","$22,924",$406,3.4,FE,Brian X. Tierney
343,344,Analog Devices,Semiconductors and Other Electronic Components,Wilmington,Massachusetts,01887,www.analog.com,"24,450","$12,014","$99,764","$2,749",22.9,ADI,Vincent T. Roche
344,345,Ryder System,Transportation and Logistics,Miami,Florida,33178,www.ryder.com,"48,300","$12,011","$4,147",$867,7.2,R,Robert E. Sanchez
345,346,Avis Budget Group,"Automotive Retailing, Services",Parsippany,New Jersey,07054,www.avisbudgetgroup.com,"21,500","$11,994","$7,689","$2,764",23,CAR,Joseph A. Ferraro
346,347,Unum Group,"Insurance: Life, Health (Stock)",Chattanooga,Tennessee,37402,www.unum.com,"10,801","$11,991","$7,805","$1,314",11,UNM,Richard P. Mckenney
347,348,Newmont,"Mining, Crude-Oil Production",Denver,Colorado,80237,www.newmont.com,"14,600","$11,915","$38,947",-$429,-3.6,NEM,Thomas R. Palmer
348,349,VF,Apparel,Denver,Colorado,80202,www.vfc.com,"27,650","$11,842","$8,904","$1,387",11.7,VFC,Benno Dorer
349,350,Chesapeake Energy,"Mining, Crude-Oil Production",Oklahoma City,Oklahoma,73118,www.chk.com,"1,200","$11,743","$10,244","$4,936",42,CHK,Nick Dell'Osso
350,351,Mohawk Industries,"Home Equipment, Furnishings",Calhoun,Georgia,30701,www.mohawkind.com,"40,900","$11,737","$6,368",$25,0.2,MHK,Jeffrey S. Lorberbaum
351,352,Markel,Insurance: Property and Casualty (Stock),Glen Allen,Virginia,23060,www.markel.com,"20,900","$11,675","$17,094",-$214,-1.8,MKL,Thomas S. Gayner
352,353,Expedia Group,Internet Services and Retailing,Seattle,Washington,98119,www.expediagroup.com,"16,500","$11,667","$14,879",$352,3,EXPE,Peter M. Kern
353,354,Caesars Entertainment,"Hotels, Casinos, Resorts",Reno,Nevada,89501,www.caesars.com,"49,000","$11,647","$10,503",-$899,-7.7,CZR,Thomas R. Reeg
354,355,United Rentals,Equipment Leasing,Stamford,Connecticut,06902,www.unitedrentals.com,"24,600","$11,642","$27,460","$2,105",18.1,URI,Matthew J. Flannery
355,356,Apollo Global Management,Securities,New York,New York,10019,www.apollo.com,"4,258","$11,627","$36,042","-$3,213",-27.6,APO,Marc Rowan
356,357,DaVita,Health Care: Medical Facilities,Denver,Colorado,80202,www.davita.com,"70,000","$11,610","$7,332",$560,4.8,DVA,Javier J. Rodriguez
357,358,Hess,"Mining, Crude-Oil Production",New York,New York,10036,www.hess.com,"1,623","$11,570","$40,520","$2,096",18.1,HES,John B. Hess
358,359,Fidelity National Financial,Insurance: Property and Casualty (Stock),Jacksonville,Florida,32204,www.fnf.com,"21,759","$11,556","$9,508","$1,136",9.8,FNF,Mike Nolan
359,360,Conagra Brands,Food Consumer Products,Chicago,Illinois,60654,www.conagrabrands.com,"18,000","$11,536","$17,902",$888,7.7,CAG,Sean M. Connolly
360,361,Univar Solutions,Wholesalers: Diversified,Downers Grove,Illinois,60515,www.univarsolutions.com,"9,746","$11,475","$5,521",$545,4.8,UNVR,David C. Jukes
361,362,Auto-Owners Insurance,Insurance: Property and Casualty (Mutual),Lansing,Michigan,48917,www.auto-owners.com,"6,733","$11,407",,-$55,-0.5,,Jamie Whisnant
362,363,Raymond James Financial,Securities,St. Petersburg,Florida,33716,www.raymondjames.com,"17,000","$11,308","$20,086","$1,509",13.3,RJF,Paul C. Reilly
363,364,Seaboard,Food Production,Merriam,Kansas,66202,www.seaboardcorp.com,"12,614","$11,243","$4,376",$580,5.2,SEB,Robert L. Steer
364,365,CF Industries Holdings,Chemicals,Deerfield,Illinois,60015,www.cfindustries.com,"2,659","$11,186","$14,206","$3,346",29.9,CF,Tony Will
365,366,S&P Global,Financial Data Services,New York,New York,10041,www.spglobal.com,"39,950","$11,181","$113,066","$3,248",29,SPGI,Douglas L. Peterson
366,367,W.R. Berkley,Insurance: Property and Casualty (Stock),Greenwich,Connecticut,06830,www.berkley.com,"8,186","$11,167","$16,402","$1,381",12.4,WRB,Robert Berkley
367,368,Advance Auto Parts,Specialty Retailers: Other,Raleigh,North Carolina,27609,www.advanceautoparts.com,"53,500","$11,155","$7,208",$502,4.5,AAP,Thomas R. Greco
368,369,EMCOR Group,Engineering & Construction,Norwalk,Connecticut,06851,www.emcorgroup.com,"35,500","$11,076","$7,754",$406,3.7,EME,
369,370,Williams,Pipelines,Tulsa,Oklahoma,74172,www.williams.com,"5,043","$10,965","$36,394","$2,049",18.7,WMB,Alan S. Armstrong
370,371,Interpublic Group,"Advertising, Marketing",New York,New York,10022,www.interpublic.com,"58,400","$10,928","$14,341",$938,8.6,IPG,Phillippe Krakowsky
371,372,TravelCenters of America,Specialty Retailers: Other,Westlake,Ohio,44145,www.ta-petro.com,"17,195","$10,845","$1,306",$164,1.5,TA,Jonathan M. Pertchik
372,373,American Tower,Real Estate,Boston,Massachusetts,02116,www.americantower.com,"6,391","$10,711","$95,150","$1,766",16.5,AMT,Thomas A. Bartlett
373,374,Molson Coors Beverage,Beverages,Chicago,Illinois,60606,www.molsoncoors.com,"16,600","$10,701","$11,360",-$175,-1.6,TAP,Gavin D.K. Hattersley
374,375,Huntington Ingalls Industries,Aerospace & Defense,Newport News,Virginia,23607,www.hii.com,"43,000","$10,676","$8,265",$579,5.4,HII,Christopher D. Kastner
375,376,NVR,Homebuilders,Reston,Virginia,20190,www.nvrinc.com,"6,550","$10,580","$18,096","$1,726",16.3,NVR,Eugene J. Bredow
376,377,Eastman Chemical,Chemicals,Kingsport,Tennessee,37660,www.eastman.com,"14,500","$10,580","$10,048",$793,7.5,EMN,
377,378,Graybar Electric,Wholesalers: Diversified,St. Louis,Montana,63105,www.graybar.com,"9,400","$10,534",,$453,4.3,,Kathleen M. Mazzarella
378,379,Insight Enterprises,Information Technology Services,Chandler,Arizona,85286,www.insight.com,"13,448","$10,431","$4,833",$281,2.7,NSIT,Joyce Mullen
379,380,Hershey,Food Consumer Products,Hershey,Pennsylvania,17033,www.thehersheycompany.com,"18,970","$10,419","$51,909","$1,645",15.8,HSY,Michele G. Buck
380,381,News Corp.,"Publishing, Printing",New York,New York,10036,www.newscorp.com,"25,500","$10,385","$9,972",$623,6,NWSA,Robert J. Thomson
381,382,Toll Brothers,Homebuilders,Fort Washington,Pennsylvania,19034,www.tollbrothers.com,"5,200","$10,276","$6,647","$1,287",12.5,TOL,Douglas C. Yearley Jr.
382,383,Ulta Beauty,Specialty Retailers: Other,Bolingbrook,Illinois,60440,www.ulta.com,"35,750","$10,209","$27,390","$1,242",12.2,ULTA,David C. Kimbell
383,384,Assurant,Insurance: Property and Casualty (Stock),Atlanta,Georgia,30339,www.assurant.com,"13,700","$10,193","$6,354",$277,2.7,AIZ,Keith W. Demmings
384,385,Weyerhaeuser,Forest and Paper Products,Seattle,Washington,98104,www.weyerhaeuser.com,"9,264","$10,184","$22,082","$1,880",18.5,WY,Devin W. Stockfish
385,386,Biogen,Pharmaceuticals,Cambridge,Massachusetts,02142,www.biogen.com,"8,725","$10,173","$40,171","$3,047",29.9,BIIB,Christopher A. Viehbacher
386,387,Dana,Motor Vehicles & Parts,Maumee,Ohio,43537,www.dana.com,"41,800","$10,156","$2,172",-$242,-2.4,DAN,James K. Kamsickas
387,388,UGI,Utilities: Gas and Electric,King of Prussia,Pennsylvania,19406,www.ugicorp.com,"10,000","$10,106","$7,284","$1,073",10.6,UGI,Roger Perreault
388,389,Chewy,Internet Services and Retailing,Plantation,Florida,33322,www.chewy.com,"19,400","$10,099","$15,959",$49,0.5,CHWY,Sumit Singh
389,390,Owens & Minor,Wholesalers: Health Care,Mechanicsville,Virginia,23116,www.owens-minor.com,"22,500","$9,956","$1,109",$22,0.2,OMI,Edward A. Pesicka
390,391,Quest Diagnostics,Health Care: Pharmacy and Other Services,Secaucus,New Jersey,07094,www.questdiagnostics.com,"44,500","$9,883","$15,750",$946,9.6,DGX,James E. Davis
391,392,Public Service Enterprise Group,Utilities: Gas and Electric,Newark,New Jersey,07102,www.pseg.com,"12,525","$9,800","$31,148","$1,031",10.5,PEG,Ralph A. Larossa
392,393,Ebay,Internet Services and Retailing,San Jose,California,95125,www.ebay.com,"11,600","$9,795","$23,821","-$1,269",-13,EBAY,Jamie Iannone
393,394,MasTec,Engineering & Construction,Coral Gables,Florida,33134,www.mastec.com,"32,000","$9,778","$7,441",$33,0.3,MTZ,Jose R. Mas
394,395,Owens Corning,"Building Materials, Glass",Toledo,Ohio,43659,www.owenscorning.com,"19,000","$9,761","$8,697","$1,241",12.7,OC,Brian D. Chambers
395,396,Celanese,Chemicals,Irving,Texas,75039,www.celanese.com,"13,263","$9,673","$12,068","$1,894",19.6,CE,Lori J. Ryerkerk
396,397,Altice USA,Telecommunications,Long Island City,New York,11101,www.alticeusa.com,"11,000","$9,648","$1,560",$195,2,ATUS,Dennis Mathew
397,398,Alaska Air Group,Airlines,Seattle,Washington,98188,www.alaskaair.com,"24,196","$9,646","$5,348",$58,0.6,ALK,Benito Minicucci
398,399,SpartanNash,Wholesalers: Food and Grocery,Byron Center,Michigan,49315,www.spartannash.com,"14,000","$9,643",$870,$35,0.4,SPTN,Tony Sarsam
399,400,Diamondback Energy,"Mining, Crude-Oil Production",Midland,Texas,79701,www.diamondbackenergy.com,972,"$9,643","$24,816","$4,386",45.5,FANG,Travis D. Stice
400,401,Intercontinental Exchange,Securities,Atlanta,Georgia,30328,www.ice.com,"8,911","$9,636","$58,372","$1,446",15,ICE,Jeffrey C. Sprecher
401,402,Darden Restaurants,Food Services,Orlando,Florida,32837,www.darden.com,"178,956","$9,630","$18,884",$953,9.9,DRI,Rick Cardenas
402,403,UFP Industries,"Building Materials, Glass",Grand Rapids,Michigan,49525,www.ufpi.com,"15,500","$9,627","$4,964",$693,7.2,UFPI,Matthew J. Missad
403,404,WEC Energy Group,Utilities: Gas and Electric,Milwaukee,Wisconsin,53203,www.wecenergygroup.com,"7,022","$9,597","$29,900","$1,408",14.7,WEC,Scott J. Lauber
404,405,Yum China Holdings,Food Services,Plano,Texas,75074,ir.yumchina.com,"275,500","$9,569","$26,517",$442,4.6,YUMC,Joey Wat
405,406,EnLink Midstream,Pipelines,Dallas,Texas,75201,www.enlink.com,"1,132","$9,542","$5,102",$361,3.8,ENLC,Jesse Arenivas
406,407,Continental Resources,"Mining, Crude-Oil Production",Oklahoma City,Oklahoma,73102,www.clr.com,"1,404","$9,474",,"$4,025",42.5,,Robert D. Lawler
407,408,Newell Brands,"Home Equipment, Furnishings",Atlanta,Georgia,30328,www.newellbrands.com,"28,000","$9,459","$5,145",$197,2.1,NWL,Christopher H. Peterson
408,409,Graphic Packaging Holding,"Packaging, Containers",Atlanta,Georgia,30328,www.graphicpkg.com,"24,000","$9,440","$7,829",$522,5.5,GPK,Michael Doss
409,410,Olin,Chemicals,Clayton,Montana,63105,www.olin.com,"7,780","$9,376","$7,263","$1,327",14.2,OLN,Scott M. Sutton
410,411,Fifth Third Bancorp,Commercial Banks,Cincinnati,Ohio,45263,www.53.com,"19,319","$9,353","$18,143","$2,446",26.2,FITB,Tim Spence
411,412,Thrivent Financial for Lutherans,"Insurance: Life, Health (Mutual)",Minneapolis,Minnesota,55415,www.thrivent.com,"3,692","$9,347",,"$1,085",11.6,,Teresa J. Rasmussen
412,413,CenterPoint Energy,Utilities: Gas and Electric,Houston,Texas,77002,www.centerpointenergy.com,"8,986","$9,321","$18,589","$1,057",11.3,CNP,David J. Lesar
413,414,Erie Insurance Group,Insurance: Property and Casualty (Mutual),Erie,Pennsylvania,16530,www.erieinsurance.com,"5,997","$9,296",,-$577,-6.2,,Timothy G. Necastro
414,415,CommScope Holding,Network and Other Communications Equipment,Hickory,North Carolina,28602,www.commscope.com,"30,000","$9,228","$1,336","-$1,287",-13.9,COMM,Charles L. Treadway
415,416,KLA,Semiconductors and Other Electronic Components,Milpitas,California,95035,www.kla.com,"14,140","$9,212","$55,277","$3,322",36.1,KLAC,Rick Wallace
416,417,JetBlue Airways,Airlines,Long Island City,New York,11101,www.jetblue.com,"18,785","$9,158","$2,383",-$362,-4,JBLU,Robin Hayes
417,418,Motorola Solutions,Network and Other Communications Equipment,Chicago,Illinois,60661,www.motorolasolutions.com,"20,000","$9,112","$47,917","$1,363",15,MSI,Gregory Q. Brown
418,419,Citizens Financial Group,Commercial Banks,Providence,Rhose Island,02903,www.citizensbank.com,"18,889","$9,069","$14,709","$2,073",22.9,CFG,Bruce W. Van Saun
419,420,Coterra Energy,"Mining, Crude-Oil Production",Houston,Texas,77024,www.coterra.com,"1,225","$9,051","$18,786","$4,065",44.9,CTRA,Thomas E. Jorden
420,421,Avery Dennison,"Packaging, Containers",Mentor,Ohio,44060,www.averydennison.com,"36,000","$9,039","$14,513",$757,8.4,AVY,Mitchell R. Butier
421,422,PVH,Apparel,New York,New York,10017,www.pvh.com,"25,000","$9,024","$5,592",$200,2.2,PVH,Stefan Larsson
422,423,GXO Logistics,Transportation and Logistics,Greenwich,Connecticut,06831,www.gxo.com,"112,000","$8,993","$5,993",$197,2.2,GXO,Malcolm Wilson
423,424,Polaris,Transportation Equipment,Medina,Minnesota,55340,www.polaris.com,"16,200","$8,987","$6,304",$447,5,PII,Michael T. Speetzen
424,425,Global Payments,Financial Data Services,Atlanta,Georgia,30326,www.globalpaymentsinc.com,"25,000","$8,976","$27,761",$112,1.2,GPN,Jeffrey S. Sloan
425,426,Arconic,Metals,Pittsburgh,Pennsylvania,15212,www.arconic.com,"11,550","$8,961","$2,607",-$182,-2,ARNC,Timothy D. Myers
426,427,Vertex Pharmaceuticals,Pharmaceuticals,Boston,Massachusetts,02210,www.vrtx.com,"4,800","$8,931","$81,002","$3,322",37.2,VRTX,Reshma Kewalramani
427,428,Commercial Metals,Metals,Irving,Texas,75039,www.cmc.com,"12,483","$8,914","$5,727","$1,217",13.7,CMC,Barbara R. Smith
428,429,Autoliv,Motor Vehicles & Parts,Auburn Hills,Michigan,48326,www.autoliv.com,"65,300","$8,842","$8,013",$423,4.8,ALV,Mikael Bratt
429,430,Constellation Brands,Beverages,Victor,New York,14564,www.cbrands.com,"10,000","$8,821","$41,688",-$40,-0.5,STZ,Bill Newlands
430,431,Hilton Worldwide Holdings,"Hotels, Casinos, Resorts",McLean,Virginia,22102,www.hilton.com,"159,000","$8,773","$37,535","$1,255",14.3,HLT,Christopher J. Nassetta
431,432,Foot Locker,Specialty Retailers: Apparel,New York,New York,10001,www.footlocker.com/corp,"31,040","$8,759","$3,708",$342,3.9,FL,Mary N. Dillon
432,433,Huntsman,Chemicals,The Woodlands,Texas,77380,www.huntsman.com,"7,000","$8,715","$5,025",$460,5.3,HUN,Peter R. Huntsman
433,434,Burlington Stores,Specialty Retailers: Apparel,Burlington,New Jersey,08016,www.burlingtoninvestors.com,"38,018","$8,703","$13,123",$230,2.6,BURL,Michael B. O‚ÄôSullivan
434,435,Hertz Global Holdings,"Automotive Retailing, Services",Estero,Florida,33928,www.hertz.com,"25,000","$8,685","$5,252","$2,059",23.7,HTZ,Stephen M. Scherr
435,436,Masco,"Home Equipment, Furnishings",Livonia,Michigan,48152,www.masco.com,"19,000","$8,680","$11,207",$844,9.7,MAS,Keith J. Allman
436,437,Williams-Sonoma,Specialty Retailers: Other,San Francisco,California,94109,www.williams-sonomainc.com,"16,800","$8,674","$8,057","$1,128",13,WSM,Laura J. Alber
437,438,Chipotle Mexican Grill,Food Services,Newport Beach,California,92660,www.chipotle.com,"104,958","$8,635","$47,186",$899,10.4,CMG,Brian R. Niccol
438,439,M&T Bank,Commercial Banks,Buffalo,New York,14203,www.mtb.com,"22,509","$8,604","$20,093","$1,992",23.1,MTB,Rene F. Jones
439,440,LPL Financial Holdings,Securities,San Diego,California,92121,www.lpl.com,"6,415","$8,601","$15,914",$846,9.8,LPLA,Dan H. Arnold
440,441,CMS Energy,Utilities: Gas and Electric,Jackson,Michigan,49201,www.cmsenergy.com,"8,817","$8,596","$17,902",$837,9.7,CMS,Garrick J. Rochow
441,442,Campbell Soup,Food Consumer Products,Camden,New Jersey,08103,www.campbellsoupcompany.com,"14,700","$8,562","$16,465",$757,8.8,CPB,Mark A. Clouse
442,443,Arthur J. Gallagher,Diversified Financials,Rolling Meadows,Illinois,60008,www.ajg.com,"43,640","$8,551","$40,955","$1,114",13,AJG,Patrick Gallagher
443,444,Blackstone,Diversified Financials,New York,New York,10154,www.blackstone.com,"4,695","$8,518","$62,048","$1,748",20.5,BX,Stephen A. Schwarzman
444,445,Dover,Industrial Machinery,Downers Grove,Illinois,60515,www.dovercorporation.com,"25,000","$8,508","$21,237","$1,065",12.5,DOV,Richard J. Tobin
445,446,ODP,Specialty Retailers: Other,Boca Raton,Florida,33496,www.theodpcorp.com,"25,000","$8,491","$1,806",$166,2,ODP,Gerry P. Smith
446,447,Packaging Corp. of America,"Packaging, Containers",Lake Forest,Illinois,60045,www.packagingcorp.com,"15,100","$8,478","$12,479","$1,030",12.1,PKG,Mark W. Kowlzan
447,448,Brighthouse Financial,"Insurance: Life, Health (Stock)",Charlotte,North Carolina,28277,www.brighthousefinancial.com,"1,500","$8,473","$2,986",$5,0.1,BHF,
448,449,Beacon Roofing Supply,Wholesalers: Diversified,Herndon,Virginia,20170,www.becn.com,"7,478","$8,430","$3,781",$458,5.4,BECN,Julian G. Francis
449,450,Airbnb,Internet Services and Retailing,San Francisco,California,94103,www.airbnb.com,"6,811","$8,399","$79,682","$1,893",22.5,ABNB,Brian Chesky
450,451,Boise Cascade,Wholesalers: Diversified,Boise,Idaho,83702,www.bc.com,"6,840","$8,387","$2,506",$858,10.2,BCC,
451,452,Booz Allen Hamilton Holding,Information Technology Services,McLean,Virginia,22102,www.boozallen.com,"29,300","$8,364","$12,261",$467,5.6,BAH,Horacio D. Rozanski
452,453,Westinghouse Air Brake Technologies,Industrial Machinery,Pittsburgh,Pennsylvania,15212,www.wabteccorp.com,"27,000","$8,362","$18,226",$633,7.6,WAB,Rafael O. Santana
453,454,ON Semiconductor,Semiconductors and Other Electronic Components,Scottsdale,Arizona,85250,www.onsemi.com,"31,055","$8,326","$35,560","$1,902",22.8,ON,Hassane El-Khoury
454,455,Oshkosh,Construction and Farm Machinery,Oshkosh,Wisconsin,54902,www.oshkoshcorp.com,"15,000","$8,282","$5,445",$174,2.1,OSK,John C. Pfeifer
455,456,Franklin Resources,Securities,San Mateo,California,94403,www.franklinresources.com,"9,800","$8,275","$13,480","$1,292",15.6,BEN,Jenny Johnson
456,457,Taylor Morrison Home,Homebuilders,Scottsdale,Arizona,85251,www.taylormorrison.com,"3,000","$8,225","$4,144","$1,053",12.8,TMHC,Sheryl D. Palmer
457,458,A-Mark Precious Metals,Wholesalers: Diversified,El Segundo,California,90245,www.amark.com,381,"$8,159",$815,$133,1.6,AMRK,Gregory N. Roberts
458,459,KeyCorp,Commercial Banks,Cleveland,Ohio,44114,www.key.com,"17,660","$8,130","$11,579","$1,917",23.6,KEY,Christopher M. Gorman
459,460,ARKO,Specialty Retailers: Other,Richmond,Virginia,23227,www.arkocorp.com,"12,223","$8,128","$1,020",$72,0.9,ARKO,Arie Kotler
460,461,Lululemon athletica,Specialty Retailers: Apparel,Sumner,Washington,98390,www.lululemon.com,"34,000","$8,111","$46,312",$855,10.5,LULU,Calvin Mcdonald
461,462,Old Republic International,Insurance: Property and Casualty (Stock),Chicago,Illinois,60601,www.oldrepublic.com,"9,500","$8,084","$7,399",$686,8.5,ORI,Craig R. Smiddy
462,463,Zoetis,Pharmaceuticals,Parsippany,New Jersey,07054,www.zoetis.com,"13,800","$8,080","$77,053","$2,114",26.2,ZTS,Kristin C. Peck
463,464,Marathon Oil,"Mining, Crude-Oil Production",Houston,Texas,77024,www.marathonoil.com,"1,570","$8,036","$15,087","$3,612",44.9,MRO,Lee M. Tillman
464,465,J.M. Smucker,Food Consumer Products,Orrville,Ohio,44667,www.jmsmucker.com,"6,700","$7,999","$16,781",$632,7.9,SJM,Mark T. Smucker
465,466,Huntington Bancshares,Commercial Banks,Columbus,Ohio,43287,www.huntington.com,"19,920","$7,950","$16,236","$2,238",28.2,HBAN,Stephen D. Steinour
466,467,NGL Energy Partners,Pipelines,Tulsa,Oklahoma,74136,www.nglenergypartners.com,842,"$7,948",$381,-$185,-2.3,NGL,Michael Krimbill
467,468,Ingredion,Food Production,Westchester,Illinois,60154,www.ingredion.com,"11,700","$7,946","$6,711",$492,6.2,INGR,James (Jim) Zallie
468,469,Fortune Brands Innovations,"Building Materials, Glass",Deerfield,Illinois,60015,www.fbin.com,"11,200","$7,923","$7,457",$687,8.7,FBIN,Nicholas Fink
469,470,PPL,Utilities: Gas and Electric,Allentown,Pennsylvania,18101,www.pplweb.com,"6,527","$7,902","$20,472",$756,9.6,PPL,Vincent Sorgi
470,471,Sanmina,Semiconductors and Other Electronic Components,San Jose,California,95134,www.sanmina.com,"36,000","$7,891","$3,559",$256,3.2,SANM,Jure Sola
471,472,Bed Bath & Beyond,Specialty Retailers: Other,Union,New Jersey,07083,www.bedbathandbeyond.com,"32,000","$7,868",$183,-$560,-7.1,BBBY,Sue E. Gove
472,473,Cintas,Diversified Outsourcing Services,Cincinnati,Ohio,45262,www.cintas.com,"43,000","$7,855","$47,042","$1,236",15.7,CTAS,Todd M. Schneider
473,474,NCR,"Computers, Office Equipment",Atlanta,Georgia,30308,www.ncr.com,"35,000","$7,844","$3,304",$60,0.8,NCR,Michael Hayford
474,475,ABM Industries,Diversified Outsourcing Services,New York,New York,10006,www.abm.com,"127,000","$7,807","$2,971",$230,3,ABM,Scott B. Salmirs
475,476,Rockwell Automation,"Electronics, Electrical Equip.",Milwaukee,Wisconsin,53204,www.rockwellautomation.com,"26,000","$7,760","$33,683",$932,12,ROK,Blake D. Moret
476,477,Northern Trust,Commercial Banks,Chicago,Illinois,60603,www.northerntrust.com,"23,600","$7,752","$18,309","$1,336",17.2,NTRS,Michael G. O'Grady
477,478,XPO,Transportation and Logistics,Greenwich,Connecticut,06831,www.xpo.com,"39,500","$7,718","$3,685",$666,8.6,XPO,Mario A. Harik
478,479,Science Applications International,Information Technology Services,Reston,Virginia,20190,www.saic.com,"25,000","$7,704","$5,871",$300,3.9,SAIC,Nazzic S. Keene
479,480,Ameren,Utilities: Gas and Electric,St. Louis,Montana,63103,www.ameren.com,"9,244","$7,662","$22,675","$1,074",14,AEE,Martin J. Lyons Jr.
480,481,First American Financial,Insurance: Property and Casualty (Stock),Santa Ana,California,92707,www.firstam.com,"21,153","$7,605","$5,750",$263,3.5,FAF,Kenneth D. Degiorgio
481,482,Bath & Body Works,Specialty Retailers: Other,Columbus,Ohio,43230,www.bbwinc.com,"33,000","$7,560","$8,368",$800,10.6,BBWI,Gina Boswell
482,483,Regions Financial,Commercial Banks,Birmingham,Alabama,35203,www.regions.com,"20,073","$7,531","$17,346","$2,245",29.8,RF,John M. Turner Jr.
483,484,Activision Blizzard,Entertainment,Santa Monica,California,90404,www.activisionblizzard.com,"13,000","$7,528","$67,126","$1,513",20.1,ATVI,Bobby Kotick
484,485,Avantor,"Scientific, Photographic and Control Equipment",Radnor,Pennsylvania,19087,www.avantorsciences.com,"14,500","$7,512","$14,271",$687,9.1,AVTR,Michael Stubblefield
485,486,Genworth Financial,"Insurance: Life, Health (Stock)",Richmond,Virginia,23230,www.genworth.com,"2,500","$7,507","$2,477",$609,8.1,GNW,Thomas J. Mcinerney
486,487,EQT,Energy,Pittsburgh,Pennsylvania,15222,www.eqt.com,744,"$7,498","$11,499","$1,771",23.6,EQT,Toby Z. Rice
487,488,Skechers U.S.A.,Apparel,Manhattan Beach,California,90266,www.skechers.com,"11,450","$7,445","$7,379",$373,5,SKX,Robert Greenberg
488,489,Landstar System,"Trucking, Truck Leasing",Jacksonville,Florida,32224,www.landstar.com,"1,449","$7,440","$6,457",$431,5.8,LSTR,James B. Gattoni
489,490,Knight-Swift Transportation Holdings,"Trucking, Truck Leasing",Phoenix,Arizona,85027,www.knight-swift.com,"28,300","$7,429","$9,106",$771,10.4,KNX,David A. Jackson
490,491,SVB Financial Group,Commercial Banks,Santa Clara,California,95054,www.svb.com,"8,553","$7,401",$54,"$1,672",22.6,SIVBQ,William Kosturos
491,492,Par Pacific Holdings,Petroleum Refining,Houston,Texas,77024,www.parpacific.com,"1,397","$7,322","$1,773",$364,5,PARR,William C. Pate
492,493,Albemarle,Chemicals,Charlotte,North Carolina,28209,www.albemarle.com,"7,400","$7,320","$25,928","$2,690",36.7,ALB,Kent Masters
493,494,Vulcan Materials,"Building Materials, Glass",Birmingham,Alabama,35242,www.vulcanmaterials.com,"11,974","$7,315","$22,827",$576,7.9,VMC,Thomas Hill
494,495,Watsco,Wholesalers: Diversified,Miami,Florida,33133,www.watsco.com,"7,238","$7,274","$12,354",$601,8.3,WSO,Albert H. Nahmad
495,496,KKR,Securities,New York,New York,10001,www.kkr.com,"4,150","$7,273","$45,225",-$841,-11.6,KKR,Joseph Y. Bae
496,497,Equinix,Real Estate,Redwood City,California,94065,www.equinix.com,"12,097","$7,263","$66,873",$704,9.7,EQIX,Charles Meyers
497,498,Sonoco Products,"Packaging, Containers",Hartsville,South Carolina,29550,www.sonoco.com,"22,000","$7,251","$5,975",$466,6.4,SON,Howard Coker
498,499,ServiceNow,Computer Software,Santa Clara,California,95054,www.servicenow.com,"20,433","$7,245","$94,338",$325,4.5,NOW,Bill Mcdermott
499,500,Robert Half International,Temporary Help,Menlo Park,California,94025,www.roberthalf.com,"16,300","$7,238","$8,677",$658,9.1,RHI,Keith Waddell
